id,lastname,title,author,author,author,author,Field Name,Field Name,Field Name,Field Name,Field Name,Field Name
8e97abd4-ef69-4122-8eaa-090857cf15b3,Bangkok,Gibraltar,Ezmeralda,Tani,Jere,Elora,Vonny,Rhea,Cacilie,Julieta,1965-03-03,deleted
627cd111-5ad8-46b3-9876-3d008be6b439,Virginia Beach,"Korea, Democratic People""S Republic of",Vonny,Zia,Allis,Elie,Gabriellia,Ardys,Lita,Veda,1983-02-11,deleted
af2f84d4-7d26-4d1e-8d44-cdebdf1957b3,Salzburg,Malaysia,Ana,Sherrie,Clementine,Ayn,Devina,Elora,Roz,Ileana,1948-06-01,published
0591efa5-5e18-4833-89f1-2fdf3bb4d681,Sarajevo,Algeria,Nickie,Marita,Di,Steffane,Di,Isa,Rori,Joeann,1948-09-21,published
d0b06848-ef94-4ccf-97ba-87db8a3c350f,Serekunda,Norway,Giustina,Adriana,Albertina,Lenna,Donnie,Kirstin,Robinia,Allis,1989-05-24,published
89441f36-afe3-4536-a1f2-7ea1406a6ff7,Hyderabad,Indonesia,Jacenta,Bobbi,Dione,Sue,Madelle,Thalia,Jaclyn,Pearline,1949-09-16,deleted
5946cfe2-2e71-440b-bbd6-ffdde4a59428,Shanghai,Saint Lucia,Mignon,Emelina,Eugine,Starla,Althea,Adele,Modestia,Ulrike,1928-09-16,published
c46ad614-8d2a-410f-a6f0-d71be92686ad,Quebec City,San Marino,Cam,Brietta,Jasmina,Hope,Jobi,Janey,Brena,Kimmy,1999-08-28,deleted
5385963d-f165-47fb-8a44-5c2fa85c0196,Dalian,Ecuador,Albertina,Devina,Cordi,Iseabal,Ada,Fawne,Vevay,Nicoli,1975-02-11,under review
9410c3d1-3816-49f1-9cad-53475892418a,Kaohsiung,"Lao People""S Democratic Republic",Shell,Sabina,Xylina,Selma,Julieta,Fina,Christal,Clo,2003-06-26,deleted
30536fe9-588b-4627-bb4e-e5e1c64ea14b,Kota Bharu,American Samoa,Tonia,Corly,Brooks,Roseline,Coral,Gerianna,Harmonia,Jinny,1911-11-30,under review
d3d2bd62-9857-4f78-94c0-86f717aa6081,Kingstown,Libyan Arab Jamahiriya,Evita,Heida,Margette,Vita,Danika,Ronna,Jeanna,Xylina,1996-11-01,published
37796330-02f2-47ab-b20f-86b8027dc2d0,Nice,Cook Islands,Perry,Blondelle,Giustina,Margette,Aili,Frieda,Dolli,Gretal,1973-11-05,deleted
53c8bfdb-ecdd-499a-b0ef-2001e1cc1dca,Johannesburg,Tokelau,Dawn,Joleen,Aili,Gerianna,Ada,Gerrie,Lynnea,Ottilie,2007-12-01,under review
6268dd17-8642-4b5d-9e56-f0983dec30ac,Kota Kinabalu,Vanuatu,Lorne,Bernie,Beverley,Daphne,Rosaline,Vivia,Tera,Vivia,1956-10-15,published
51634aa6-17b1-4788-8ecc-67e7e335eef1,Surabaya,Bermuda,Mildrid,Dotty,Xylina,Phedra,Xylina,Phedra,Nerta,Kate,2019-07-21,published
6176e8bd-adba-4758-ab28-690a640c9363,Siem Reap,"Micronesia, Federated States of",Evita,Carolina,Bernardine,Janis,Oona,Brooks,Fawne,Di,1902-11-01,under review
4f32dae7-d237-4a9d-a07a-74ece17a0ad9,Roseau,Kuwait,Grier,Lanae,Kassey,Dennie,Ira,Juliane,Sharai,Kassey,1919-01-08,published
ba24a7cd-54a8-467c-a947-3f97f60c02e1,Srinagar,Falkland Islands (Malvinas),Jasmina,Lelah,Tonia,Sybille,Georgetta,Shel,Lyssa,Meriel,1968-01-19,published
ecf62b59-bf2e-45d4-ba80-c26bd3016fa9,Porto,Grenada,Jillayne,Bibby,Nita,Joceline,Quintina,Cherrita,Carolina,Concettina,1974-10-16,published
fa17f484-771a-43c3-87fe-6af635c0b5ae,Dushanbe,Seychelles,Ulrike,Libbie,Wynne,Ardeen,Phedra,Myriam,Adele,Lesly,1910-10-26,under review
cde4e736-b5d4-40ba-8e63-f75d79755690,Memphis,Chad,Dorothy,Amara,Mathilda,Alyda,Oona,Jolyn,Barbi,Atlanta,1960-03-21,deleted
3cae1425-ebcd-4388-ad34-918b3e540c97,Shijiazhuang,Albania,Elyssa,Selia,Paule,Kayla,Pamella,Millie,Minne,Dorene,1990-10-13,deleted
40f1c742-161d-4ca8-9fda-cf5bac3331cb,Pretoria,RWANDA,Maridel,Nadine,Jenda,Sibella,Ethel,Carolina,Joeann,Andree,1930-12-03,under review
66405c23-0f4c-497b-911a-1568f9b4c848,Salt Lake City,Canada,Bernardine,Kittie,Claresta,Yolane,Shauna,Vivia,Hildegaard,Eve,1930-11-07,deleted
e172d8ba-7ca2-47b3-a2c8-5774e5313d10,Guwahati,Gambia,Maisey,Emma,Ardenia,Pollyanna,Moyna,Nikki,Hildegaard,Glenda,2006-05-11,under review
a4566fce-3df2-42c7-81b1-6649129c952f,Anadyr (town),Oman,Lisette,Kristina,Gertrud,Flory,Blinni,Amelia,Natka,Kylynn,1981-01-11,deleted
ea875a5f-f692-4da2-9841-1c991529d936,Huế,Reunion,Demetris,Violet,Sam,Cherilyn,Janey,Malina,Kristan,Aryn,2017-08-17,deleted
e5aef4b6-4f66-4c62-a2f6-7388b0cf5944,Nouméa,Turks and Caicos Islands,Mady,Merle,Gratia,Rhoda,Zondra,Dale,Trixi,Xylina,1902-02-15,deleted
4ebdaede-3773-4d15-8013-104549285a76,Thessaloniki,"Iran, Islamic Republic Of",Harrietta,Karolina,Ebonee,Penelopa,Fanchon,Emelina,Sarette,Malina,1963-11-19,under review
cfbe01a6-7035-4fd7-8952-e9291d4afce5,Medellín,Latvia,Heddie,Jacenta,Deirdre,Joeann,Dorene,Daune,Briney,Deedee,1939-05-18,published
a9f66fb2-2c7f-4f8d-9de8-fdfa2b599b6f,Jersey City,Cook Islands,Viviene,Lanae,Ginnie,Darlleen,Carree,Kirstin,Siana,Morganica,1968-10-06,published
0956405c-2c4d-48d8-8a82-40a877d41b39,Hobart,Pitcairn,Goldie,Neila,Kimberley,Nicoli,Clarice,Steffane,Netty,Ana,1921-01-08,published
27c7975c-c289-4fd8-a618-6494ec79caad,Kandahar,Suriname,Kalina,Liana,Britte,Margette,Jsandye,Adore,Diena,Fanny,2019-06-17,deleted
9cd0f99c-b3dd-45db-9dc8-e9ad02bb8eaa,Charlottetown,Japan,Ebonee,Ariela,Latisha,Andree,Kellen,Rhea,Jenilee,Eadie,1937-04-26,under review
00cdcf6d-3f19-4282-83f2-6c4041adf198,Nanjing,Mauritania,Bernie,Ginnie,Millie,Dorene,Myrtice,Thalia,Perry,Merci,1988-08-16,under review
386d617d-0783-4958-850e-251ce1259a62,Ulan Bator,Tonga,Di,Renie,Meghann,Hope,Elie,Roz,Mildrid,Meriel,1921-01-11,deleted
caf9fdcd-e9ff-4333-b3df-236ae9ced990,Kyoto,United Arab Emirates,Larine,Kylynn,Marnia,Myriam,Esmeralda,Cathyleen,Heida,Rivalee,1952-01-04,deleted
48887f8b-50c3-4dd4-b780-0e86146ec259,Las Vegas,"Cote D""Ivoire",Beth,Imojean,Jasmina,Darci,Corina,Frances,Andeee,Janenna,1941-06-18,deleted
351c17a3-d3ae-4ac5-926d-2b8f5ca162eb,Lhasa,Saudi Arabia,Adelle,Carly,Aryn,Tamqrah,Mamie,Amalie,Marinna,Aili,1933-11-19,under review
f77b2022-4aa5-4f1b-bbab-180e79a9e26f,Strasbourg,Japan,Joleen,Carilyn,Stephanie,Leanna,Kore,Lenna,Brooks,Cathie,1909-01-17,deleted
4ed371b5-8d52-4cf6-967a-0263114c5a41,São Tomé,Dominica,Rani,Ivett,Allyce,Nananne,Pollyanna,Lynde,Adelle,Rozele,1951-03-08,deleted
312e19ff-bb64-4baf-a748-b4b3589e5309,Kuching,Barbados,Raf,Letizia,Dominga,Cacilie,Celisse,Corry,Susette,Petronia,1930-03-27,deleted
495b6e6b-4ac1-41a4-aa4c-d7e48d414e60,Wellington,Turkmenistan,Mellicent,Jacenta,Gabi,Annecorinne,Alejandra,Kittie,Myriam,Lexine,2008-10-03,published
a023645e-5d9b-437f-bfd9-41f2b923a56e,Kuwait City,Bolivia,Dale,Rochette,Di,Roseline,Barbi,Joy,Jacquetta,Marguerite,1970-06-06,deleted
ce323526-476e-439a-8e16-e9d3e479ae1b,Virginia Beach,Mexico,Daryl,Mathilda,Vita,Jordan,Carolina,Carol-Jean,Lita,Margalo,1940-07-20,under review
a31505a5-6709-4e66-877b-0fa76bafc083,Buenos Aires,Uruguay,Nelle,Averyl,Marita,Nelle,Sibella,Keelia,Abbie,Dorthy,1967-04-09,under review
b549502e-49d8-4804-ba6b-50c8f6caf75d,Dededo,Reunion,Elena,Eugine,Jerry,Ezmeralda,Jan,Amelia,Chrystel,Aili,1975-01-27,published
480667d3-0ddb-4224-b303-8634fec1d2bb,Tiraspol,Brunei Darussalam,Lelah,Vonny,Bobinette,Kassey,Halette,Florie,Xylina,Vivia,1902-02-15,under review
7d1c4e08-e07d-40c5-a87c-1d032981bcf9,San Carlos de Bariloche,Philippines,Melisent,Harmonia,Pamella,Myrtice,Brana,Florie,Kayla,Steffane,1947-05-22,deleted
7af26dbc-cc87-40ec-949c-73f1185f4db8,Bogotá,"Moldova, Republic of",Gusella,Orsola,Halette,Ketti,Grier,Mara,Tobe,Gale,1946-04-12,published
b6fce855-36db-4c55-a400-2a586886462a,Dakar,Lesotho,Allyce,Tierney,Grier,Dorthy,Cam,Dede,Julieta,Viviene,1946-03-19,under review
d2017851-23ee-4e35-8576-9e726fa58ef4,Antofagasta,Sudan,Katuscha,Fawne,Madeleine,Micheline,Millie,Judy,Hyacinthe,Romona,1922-08-14,deleted
7097a373-6a7a-4157-886f-d6d690a1e065,Multan,Mayotte,Flory,Silvana,Sheree,Tracey,Christian,Blondelle,Lilith,Amara,1955-03-18,published
b6f294dc-3cb0-4db6-a340-a259414b7b95,Arequipa,South Georgia and the South Sandwich Islands,Beatriz,Rosaline,Charlena,Tersina,Mamie,Dulce,Madelle,Marsiella,1951-09-19,deleted
3a441361-815b-4d3f-821e-792b16c56a4f,Kharkiv,Samoa,Lonnie,Selma,Inga,Hildegaard,Steffane,Randa,Angela,Caressa,2015-03-08,published
8f7f7993-0ade-4d28-a66a-f2f76d7b3ede,Edinburgh,Togo,Nikki,Rosene,Marsiella,Suzette,Deane,Verla,Joleen,Lily,1926-06-05,deleted
e00311d8-c03a-497b-a3ec-50de8fb43b7d,Asunción,Myanmar,Gilligan,Marsiella,Esmeralda,Joleen,Maud,Joelly,Taffy,Gabriellia,2016-03-11,deleted
3a6df3a3-5bb7-4ee6-ac38-3fc4b526eb0b,Dresden,Zimbabwe,Aigneis,Modestia,Clo,Larine,Jasmina,Philis,Dawn,Raf,1926-01-04,deleted
d6a15e16-4290-4798-ba59-66e896a266cb,Konya,Wallis and Futuna,Carlie,Estell,Edith,Gilda,Correy,Stacey,Fernande,Modestia,1945-04-16,under review
d25753f1-b991-4ee4-aa23-d7b3ae77eb88,Majuro,Guinea-Bissau,Tonia,Mireielle,Mamie,Chloris,Paulita,Shirlee,Dorene,Phedra,1984-01-28,published
d31bd128-8ba0-4b2a-a4cc-865ade3b418c,San Juan,Georgia,Blake,Annecorinne,Kittie,Selia,Brooks,Jillayne,Evaleen,Berget,1968-10-22,published
955573dd-f570-4bcf-b135-9028e748a3e1,Birkirkara,"Congo, The Democratic Republic of the",Antonietta,Malina,Orsola,Starla,Adelle,Rosanne,Jackie,Odessa,1917-02-07,under review
07a6ef8c-a6bb-464c-a073-bcc5e5ca2646,Ilhéus,Saint Helena,Annora,Katuscha,Althea,Hermione,Teddie,Andree,Lusa,Raf,1974-11-15,under review
59e186a6-70f4-466e-ba42-327fa77185e4,Tirana,Indonesia,Ivett,Trudie,Karlee,Fanchon,Grier,Candi,Aryn,Myriam,1915-11-13,published
5d703d0e-6fb4-4027-ac04-e16c656cf489,Barcelona,Burkina Faso,Leia,Glenda,Rosanne,Jacenta,Henriette,Myrtice,Ernesta,Katharina,1910-10-02,published
590f9c89-cf8e-408a-8116-8c94dbcb8bd5,Panama City,Åland Islands,Lindie,Riannon,Augustine,Cam,Vere,Nikki,Ezmeralda,Henriette,1938-02-02,published
896faceb-299e-44f9-8593-0dd55c4d78f7,Montreal,Tuvalu,Marti,Tilly,Marguerite,Philis,Marinna,Hildegaard,Florencia,Sallie,2014-01-23,under review
c5ea61af-30ac-4ad8-8c19-aef6cac6fbe0,Oklahoma City,Croatia,Frances,Concettina,Goldie,Kelly,Mallory,Edyth,Corry,Valeda,1971-11-27,under review
2ee916cb-6a60-4f83-9a60-1e2239e87ace,Lobamba,Sudan,Luci,Ericka,Rosaline,Nickie,Zondra,Charmaine,Linet,Grier,2000-12-30,published
b7981b4d-4498-4284-94c3-e33d400f7bd3,Stanley,Christmas Island,Antonietta,Bill,Jenilee,Marcelline,Calla,Andeee,Arlina,Bobbi,1979-04-02,under review
8e7c87c8-b303-4a3f-b61d-09eb7f0803e9,Chittagong,Turks and Caicos Islands,Fred,Sibella,Annabela,Edyth,Mildrid,Marjie,Chickie,Eadie,1985-05-30,deleted
83359b76-cc1b-40cf-b77c-d1cbdb439eb1,Palma,American Samoa,Sherrie,Gwenneth,Penelopa,Justinn,Allyce,Romona,Marsiella,Dagmar,1940-06-29,published
7defa87e-9118-48a6-8087-b60c79cc2074,Manama,Aruba,Kristan,Pollyanna,Ericka,Ericka,Randa,Fanny,Gianina,Annaliese,1972-04-23,under review
d9c552dc-14c7-4754-942b-d488ac18935c,Bangalore,British Indian Ocean Territory,Gilligan,Dorene,Kial,Delilah,Laure,Layla,Maisey,Concettina,1950-03-30,deleted
715e0e61-46f1-48e4-819e-09bb3d42952f,Changchun,Papua New Guinea,Corry,Deedee,Jobi,Janis,Lizzie,Cherrita,Jenda,Mureil,1952-10-11,published
31e65a3a-da3a-4e6d-b5bc-5d52dd53a322,Guatemala City,Mayotte,Roberta,Lizzie,Marcelline,Elyssa,Dale,Berget,Lucille,Dede,1945-07-12,under review
73ccb261-2eb3-4762-a035-30424ec749f3,Port Hedland,Bouvet Island,Phylis,Kelly,Meg,Rebeca,Leontine,Sara-Ann,Wileen,Tani,1954-10-25,published
7831ff80-e94c-43d3-9a0c-9756d0eca347,Simferopol,"Lao People""S Democratic Republic",Calla,Evaleen,Minda,Darlleen,Tani,Bernardine,Rivalee,Brooks,1962-02-25,under review
4d3bcd3e-0ff2-47e9-826b-d601fb118c95,Shanghai,Benin,Ruthe,Jolyn,Steffane,Gloria,Celene,Jsandye,Sharai,Sarette,1954-12-23,deleted
afdb35a6-d374-416f-8893-c9c3d3f694b3,Patna,Portugal,Trudie,Dale,Ulrike,Wanda,Iseabal,Carlie,Marsiella,Jessy,1991-08-24,published
a018731a-0150-466b-b794-87c537932154,Simferopol,Cameroon,Lynea,Pamella,Averyl,Anica,Marika,Orsola,Jacenta,Allis,1975-08-06,under review
33ca02ec-a65a-466e-b93c-562a15e2123c,Dallas,Turkey,Zia,Sharlene,Jorry,Linet,Zaria,Hildegaard,Annabela,Jennica,2014-02-05,under review
97933a8d-4ae0-4f38-8b2a-4095445f4191,Incheon,Afghanistan,Jerry,Annaliese,Jinny,Alyda,Kaja,Fernande,Bill,Loree,1948-04-12,under review
4ad2349d-6603-441f-ac8a-06c63770b561,Caracas,Aruba,Goldie,Lauryn,Lonnie,Nessie,Esmeralda,Catharine,Nelle,Janis,2000-09-14,published
1d2ebe31-7dda-4bd1-81d7-5ce58124ef64,Ndola,Afghanistan,Emmey,Pamella,Binny,Carolina,Ernesta,Emelina,Audrie,Millie,1947-01-12,deleted
d6eccb0c-45a3-491b-b85f-82a81b6a5662,Zapopan,Turks and Caicos Islands,Quintina,Viki,Chandra,Helsa,Lindie,Annora,Doralynne,Cassandra,1975-03-15,under review
0781cb5c-11d4-4d17-b7fb-27d05ba71f6f,Charlotte,United States Minor Outlying Islands,Sherrie,Oralee,Celisse,Emylee,Vivia,Celisse,Pollyanna,Mignon,1959-06-18,published
6c18212f-390e-48f7-b6f8-b48d0f70e967,Astana,Western Sahara,Wilma,Aimil,Mara,Karena,Grier,Sara-Ann,Consuela,Merrie,1921-04-06,published
19d4fdd8-0ea7-4694-bb12-c966799f69ae,Bandung,Puerto Rico,Magdalena,Mallory,Meghann,Jsandye,Augustine,Dorothy,Rozele,Elora,1917-07-07,published
9615a6ff-8686-4f84-bb3b-bb3a2a92afb6,Palikir,Namibia,Lanna,Rosanne,Ulrike,Sidoney,Cristabel,Rubie,Emilia,Valli,1917-10-06,published
f7ef6295-ebd7-43fc-aeee-41ab7c512fb1,Da Nang,Colombia,Lynnea,Rosene,Cyb,Daune,Christal,Madelle,Lucille,Alisha,1943-05-19,under review
6b145a3b-706a-46a3-b349-c2b01abea62c,Rotterdam,Timor-Leste,Vere,Jacquetta,Lulita,Cacilie,Antonietta,Taffy,Roberta,Bertine,1974-01-12,under review
49f12a31-e371-4405-ba5e-c1e9b1a49491,Kaohsiung,Cayman Islands,Marnia,Elyssa,Lacie,Kary,Giustina,Valera,Eolanda,Melodie,1969-08-02,deleted
e4b40430-d502-4e24-a277-82d6801622a4,Cleveland,Cambodia,Alyssa,Paule,Lelah,Ezmeralda,Tomasina,Nessie,Maryellen,Lorenza,2019-03-24,deleted
f8d1eb78-a1e8-4868-a0d2-9c8215d1cf84,Cork (city),Colombia,Roseline,Sam,Melisent,Sonni,Mahalia,Gilda,Lila,Rebeca,1944-02-19,under review
ce50f63f-3049-42d8-aa19-40f132393570,Petropavlovsk-Kamchatsky,Brazil,Viviene,Cindelyn,Kassey,Adele,Suzette,Vinita,Johna,Arabel,1907-12-19,deleted
e6b077c5-b8b2-4078-b9ea-ba7835f4b0f8,Chihuahua,Greenland,Stacey,Tami,Maisey,Zaria,Leia,Taffy,Liana,Sallie,1919-04-01,under review
67965a8d-dc8e-4f6e-82e6-caeee1112ba4,Tokyo,United Kingdom,Antonietta,Riannon,Lesly,Jillayne,Emelina,Jillayne,Rebeca,Leontine,1993-12-26,deleted
f61a5c35-e5b2-49fd-8c1e-12c40595c979,New York City,Guadeloupe,Tori,Aurore,Rori,Gabriellia,Orelia,Gabriellia,Maurene,Brandise,1994-08-18,under review